{"cameraMode":{"drawMode":0,"name":"Shaded","section":"Shading Mode"},"sceneLighting":true,"audioPlay":false,"sceneViewState":{"m_AlwaysRefresh":false,"showFog":true,"showSkybox":true,"showFlares":true,"showImageEffects":true,"showParticleSystems":true,"showVisualEffectGraphs":true,"m_FxEnabled":true},"in2DMode":false,"pivot":{"x":346.73272705078127,"y":168.362060546875,"z":15.8140869140625},"rotation":{"x":-0.021990304812788965,"y":0.02730671688914299,"z":0.0005976731772534549,"w":0.999392032623291},"size":264.8839416503906,"orthographic":false}