{"cameraMode":{"drawMode":0,"name":"Shaded","section":"Shading Mode"},"sceneLighting":true,"audioPlay":false,"sceneViewState":{"m_AlwaysRefresh":false,"showFog":true,"showSkybox":true,"showFlares":true,"showImageEffects":true,"showParticleSystems":true,"showVisualEffectGraphs":true,"m_FxEnabled":true},"in2DMode":false,"pivot":{"x":657.5543823242188,"y":254.39480590820313,"z":34.19628143310547},"rotation":{"x":0.015496662817895413,"y":-0.01918024942278862,"z":0.00029418221674859524,"w":0.9997031688690186},"size":142.82008361816407,"orthographic":false}