{"cameraMode":{"drawMode":0,"name":"Shaded","section":"Shading Mode"},"sceneLighting":true,"audioPlay":false,"sceneViewState":{"m_AlwaysRefresh":false,"showFog":true,"showSkybox":true,"showFlares":true,"showImageEffects":true,"showParticleSystems":true,"showVisualEffectGraphs":true,"m_FxEnabled":true},"in2DMode":false,"pivot":{"x":335.08660888671877,"y":196.1832733154297,"z":1792.145751953125},"rotation":{"x":0.01269062515348196,"y":-0.01490134559571743,"z":-0.00016068272816482931,"w":-0.9998608231544495},"size":1921.758056640625,"orthographic":false}